10432, 08:30 - 10:30, Day I, A109
10435, 08:30 - 10:30, Day I, D107
10312, 08:30 - 10:30, Day I, B310
10268, 08:30 - 10:30, Day I, B206
10536, 08:30 - 10:30, Day I, A302
10433, 10:45 - 12:45, Day I, A109,B104
10387, 10:45 - 12:45, Day I, D219
10388, 10:45 - 12:45, Day I, A302
10328, 10:45 - 12:45, Day I, D107
10333, 10:45 - 12:45, Day I, A102
10434, 13:00 - 15:00, Day I, A109
10437, 13:00 - 15:00, Day I, D107
10326, 13:00 - 15:00, Day I, B203
10266, 13:00 - 15:00, Day I, A209
10436, 15:15 - 17:15, Day I, A109
10329, 15:15 - 17:15, Day I, D107
10278, 15:15 - 17:15, Day I, D109
10293, 15:15 - 17:15, Day I, B203
10297, 15:15 - 17:15, Day I, D122
10318, 17:30 - 19:30, Day I, A109,D107,B203,A209,D207,B103,D122,B310,A302
10325, 08:30 - 10:30, Day II, A109
10267, 08:30 - 10:30, Day II, D219
10279, 08:30 - 10:30, Day II, B310
10294, 08:30 - 10:30, Day II, D107
10295, 08:30 - 10:30, Day II, B203
10327, 10:45 - 12:45, Day II, A109
10330, 10:45 - 12:45, Day II, D107
10281, 10:45 - 12:45, Day II, B310
10272, 13:00 - 15:00, Day II, A109
10289, 13:00 - 15:00, Day II, B310
10274, 15:15 - 17:15, Day II, A109,D107
10280, 15:15 - 17:15, Day II, B310
10275, 17:30 - 19:30, Day II, A109,D107
10276, 17:30 - 19:30, Day II, B203
10298, 17:30 - 19:30, Day II, D122
10282, 08:30 - 10:30, Day III, A109
10288, 08:30 - 10:30, Day III, D107
10283, 10:45 - 12:45, Day III, A109,D107,B203,A209,D207,B103,D122,B310,D109
10287, 13:00 - 15:00, Day III, A109
10296, 13:00 - 15:00, Day III, D122
10290, 15:15 - 17:15, Day III, B310
10300, 15:15 - 17:15, Day III, A109,D109
10299, 17:30 - 19:30, Day III, B310
10302, 08:30 - 10:30, Day IV, A109,A302
